clk,re,en,rst,sig_label,current,e,spike,voltage
0,0,0,0,0,UUUUUUUUUUUUU,UUUUUUUUUUU,U,UUUUUUUUUUUUU
1,0,0,1,0,UUUUUUUUUUUUU,00000000000,0,0000000000000
0,0,0,1,0,UUUUUUUUUUUUU,00000000000,0,0000000000000
1,0,0,1,0,UUUUUUUUUUUUU,00000000000,0,0000000000000
0,0,0,1,0,UUUUUUUUUUUUU,00000000000,0,0000000000000
1,0,0,1,0,UUUUUUUUUUUUU,00000000000,0,0000000000000
0,0,0,1,0,UUUUUUUUUUUUU,00000000000,0,0000000000000
1,0,0,1,0,UUUUUUUUUUUUU,00000000000,0,0000000000000
0,0,0,1,0,UUUUUUUUUUUUU,00000000000,0,0000000000000
1,0,0,1,0,UUUUUUUUUUUUU,00000000000,0,0000000000000
0,0,0,1,0,UUUUUUUUUUUUU,00000000000,0,0000000000000
1,0,0,1,0,UUUUUUUUUUUUU,00000000000,0,0000000000000
0,0,0,1,0,UUUUUUUUUUUUU,00000000000,0,0000000000000
1,0,0,1,0,UUUUUUUUUUUUU,00000000000,0,0000000000000
0,0,0,1,0,UUUUUUUUUUUUU,00000000000,0,0000000000000
1,0,0,1,0,UUUUUUUUUUUUU,00000000000,0,0000000000000
0,0,0,1,0,UUUUUUUUUUUUU,00000000000,0,0000000000000
1,0,0,1,0,UUUUUUUUUUUUU,00000000000,0,0000000000000
0,0,0,1,0,UUUUUUUUUUUUU,00000000000,0,0000000000000
1,0,0,1,0,UUUUUUUUUUUUU,00000000000,0,0000000000000
0,0,0,1,0,UUUUUUUUUUUUU,00000000000,0,0000000000000
1,1,1,0,0,0001100100000,00000000000,0,0000000000000
0,1,1,0,0,0001100100000,00000000000,1,0010101111000
1,1,1,0,0,0001100100000,00000000000,1,0010101111000
0,1,1,0,0,0001100100000,00000000000,1,0010101111000
1,1,1,0,0,0001100100000,00000000000,1,0010101111000
0,1,1,0,0,0001100100000,00000000000,1,0010101111000
1,1,1,0,0,0001100100000,00000000000,1,0010101111000
0,1,1,0,0,0001100100000,00000000000,0,1111111001110
1,1,1,0,0,0001100100000,00000000000,0,1111111001110
0,1,1,0,0,0001100100000,00000000000,0,1111111001110
1,1,1,0,0,0001100100000,00000000000,0,1111111001110
0,1,1,0,0,0001100100000,00000000000,0,1111111001110
1,1,1,0,0,0001100100000,00000000000,0,1111111001110
0,1,1,0,0,0001100100000,00000000000,0,1111111011001
1,1,1,0,0,0001100100000,00000000000,0,1111111011001
0,1,1,0,0,0001100100000,00000000000,0,1111111011001
1,1,1,0,0,0001100100000,00000000000,0,1111111011001
0,1,1,0,0,0001100100000,00000000000,0,1111111011001
1,1,1,0,0,0001100100000,00000000000,0,1111111011001
0,1,1,0,0,0001100100000,00000000000,0,1111111100010
1,0,1,0,0,0001100100000,00000000000,0,1111111100010
0,0,1,0,0,0001100100000,00000000000,0,1111111100010
1,0,1,0,0,0001100100000,00000000000,0,1111111100010
0,0,1,0,0,0001100100000,00000000000,0,1111111100010
1,0,1,0,0,0001100100000,00000000000,0,1111111100010
0,0,1,0,0,0001100100000,00000000000,0,1111111101010
1,0,1,0,0,0001100100000,00000000000,0,1111111101010
0,0,1,0,0,0001100100000,00000000000,1,0100000000011
1,0,1,0,0,0001100100000,00000000000,1,0100000000011
0,0,1,0,0,0001100100000,00000000001,1,0100000000011
1,0,1,0,0,0001100100000,00000000001,1,0100000000011
0,0,1,0,0,0001100100000,00000000010,1,0100000001010
1,0,1,0,0,0001100100000,00000000010,1,0100000001010
0,0,1,0,0,0001100100000,00000000011,1,0100000101110
1,0,1,0,0,0001100100000,00000000011,1,0100000101110
0,0,1,0,0,0001100100000,00000000100,0,1111110010111
1,0,1,0,0,0001100100000,00000000100,0,1111110010111
0,0,1,0,0,0001100100000,00000000100,0,1111110011110
1,0,1,0,0,0001100100000,00000000100,0,1111110011110
0,0,1,0,0,0001100100000,00000000100,0,1111110010101
1,0,1,0,0,0001100100000,00000000100,0,1111110010101
0,0,1,0,0,0001100100000,00000000100,0,1111101011001
1,0,1,0,0,0001100100000,00000000100,0,1111101011001
0,0,1,0,0,0001100100000,00000000100,1,0011000101110
1,0,1,0,0,0001100100000,00000000100,1,0011000101110
0,0,1,0,0,0001100100000,00000000101,1,0011001001010
1,0,1,0,0,0001100100000,00000000101,1,0011001001010
0,0,1,0,0,0001100100000,00000000110,1,0010111100110
1,0,1,0,0,0001100100000,00000000110,1,0010111100110
0,0,1,0,0,0001100100000,00000000111,1,0010100000001
1,0,1,0,0,0001100100000,00000000111,1,0010100000001
0,0,1,0,0,0001100100000,00000001000,0,1111101011110
1,0,1,0,0,0001100100000,00000001000,0,1111101011110
0,0,1,0,0,0001100100000,00000001000,0,1111100110000
1,0,1,0,0,0001100100000,00000001000,0,1111100110000
0,0,1,0,0,0001100100000,00000001000,0,1111101101011
1,0,1,0,0,0001100100000,00000001000,0,1111101101011
0,0,1,0,0,0001100100000,00000001000,0,1111100100111
1,0,1,0,0,0001100100000,00000001000,0,1111100100111
0,0,1,0,0,0001100100000,00000001000,1,0010010110010
1,0,1,0,0,0001100100000,00000001000,1,0010010110010
0,0,1,0,0,0001100100000,00000001001,1,0010000010101
1,0,1,0,0,0001100100000,00000001001,1,0010000010101
0,0,1,0,0,0001100100000,00000001010,1,0010011101000
1,0,1,0,0,0001100100000,00000001010,1,0010011101000
0,0,1,0,0,0001100100000,00000001011,1,0001111001100
1,0,1,0,0,0001100100000,00000001011,1,0001111001100
0,0,1,0,0,0001100100000,00000001100,0,1111100111111
1,0,1,0,0,0001100100000,00000001100,0,1111100111111
0,0,1,0,0,0001100100000,00000001100,0,1111100001010
1,0,1,0,0,0001100100000,00000001100,0,1111100001010
0,0,1,0,0,0001100100000,00000001100,0,1111100100010
1,0,1,0,0,0001100100000,00000001100,0,1111100100010
0,0,1,0,0,0001100100000,00000001100,0,1111100001011
1,0,1,0,0,0001100100000,00000001100,0,1111100001011
0,0,1,0,0,0001100100000,00000001100,1,0010000000010
1,0,1,0,0,0001100100000,00000001100,1,0010000000010
0,0,1,0,0,0001100100000,00000001101,1,0001100110100
1,0,1,0,0,0001100100000,00000001101,1,0001100110100
0,0,1,0,0,0001100100000,00000001110,1,0001110000100
1,0,1,0,0,0001100100000,00000001110,1,0001110000100
0,0,1,0,0,0001100100000,00000001111,1,0001100111010
1,0,1,0,0,0001100100000,00000001111,1,0001100111010
0,0,1,0,0,0001100100000,00000010000,0,1111100001000
1,0,1,0,0,0001100100000,00000010000,0,1111100001000
0,0,1,0,0,0001100100000,00000010000,0,1111011110110
1,0,1,0,0,0001100100000,00000010000,0,1111011110110
0,0,1,0,0,0001100100000,00000010000,0,1111100001001
1,0,1,0,0,0001100100000,00000010000,0,1111100001001
0,0,1,0,0,0001100100000,00000010000,0,1111011011011
1,0,1,0,0,0001100100000,00000010000,0,1111011011011
0,0,1,0,0,0001100100000,00000010000,1,0001100000101
1,0,1,0,0,0001100100000,00000010000,1,0001100000101
0,0,1,0,0,0001100100000,00000010001,1,0001011001110
1,0,1,0,0,0001100100000,00000010001,1,0001011001110
0,0,1,0,0,0001100100000,00000010010,1,0001011110010
1,0,1,0,0,0001100100000,00000010010,1,0001011110010
0,0,1,0,0,0001100100000,00000010011,1,0001001110000
1,0,1,0,0,0001100100000,00000010011,1,0001001110000
0,0,1,0,0,0001100100000,00000010100,0,1111011110101
1,0,1,0,0,0001100100000,00000010100,0,1111011110101
0,0,1,0,0,0001100100000,00000010100,0,1111011010001
1,0,1,0,0,0001100100000,00000010100,0,1111011010001
0,0,1,0,0,0001100100000,00000010100,0,1111011111101
1,0,1,0,0,0001100100000,00000010100,0,1111011111101
0,0,1,0,0,0001100100000,00000010100,0,1111011001011
1,0,1,0,0,0001100100000,00000010100,0,1111011001011
0,0,1,0,0,0001100100000,00000010100,1,0001010011001
1,0,1,0,0,0001100100000,00000010100,1,0001010011001
0,0,1,0,0,0001100100000,00000010101,1,0001000110111
1,0,1,0,0,0001100100000,00000010101,1,0001000110111
0,0,1,0,0,0001100100000,00000010110,1,0001010110100
1,0,1,0,0,0001100100000,00000010110,1,0001010110100
0,0,1,0,0,0001100100000,00000010111,1,0001000011010
1,0,1,0,0,0001100100000,00000010111,1,0001000011010
0,0,1,0,0,0001100100000,00000011000,0,1111011101100
1,0,1,0,0,0001100100000,00000011000,0,1111011101100
0,0,1,0,0,0001100100000,00000011000,0,1111011000101
1,0,1,0,0,0001100100000,00000011000,0,1111011000101
0,0,1,0,0,0001100100000,00000011000,0,1111011100110
1,0,1,0,0,0001100100000,00000011000,0,1111011100110
0,0,1,0,0,0001100100000,00000011000,0,1111011000011
1,0,1,0,0,0001100100000,00000011000,0,1111011000011
0,0,1,0,0,0001100100000,00000011000,1,0001001101011
1,0,1,0,0,0001100100000,00000011000,1,0001001101011
0,0,1,0,0,0001100100000,00000011001,1,0000111111000
1,0,1,0,0,0001100100000,00000011001,1,0000111111000
0,0,1,0,0,0001100100000,00000011010,1,0001001010011
1,0,1,0,0,0001100100000,00000011010,1,0001001010011
0,0,1,0,0,0001100100000,00000011011,1,0000111110100
1,0,1,0,0,0001100100000,00000011011,1,0000111110100
0,0,1,0,0,0001100100000,00000011100,0,1111011011010
1,0,1,0,0,0001100100000,00000011100,0,1111011011010
0,0,1,0,0,0001100100000,00000011100,0,1111010111111
1,0,1,0,0,0001100100000,00000011100,0,1111010111111
0,0,1,0,0,0001100100000,00000011100,0,1111011011101
1,0,1,0,0,0001100100000,00000011100,0,1111011011101
0,0,1,0,0,0001100100000,00000011100,0,1111010110011
1,0,1,0,0,0001100100000,00000011100,0,1111010110011
0,0,1,0,0,0001100100000,00000011100,1,0001000100010
1,0,1,0,0,0001100100000,00000011100,1,0001000100010
0,0,1,0,0,0001100100000,00000011101,1,0000111011011
1,0,1,0,0,0001100100000,00000011101,1,0000111011011
0,0,1,0,0,0001100100000,00000011110,1,0001000100011
1,0,1,0,0,0001100100000,00000011110,1,0001000100011
0,0,1,0,0,0001100100000,00000011111,1,0000110111001
1,0,1,0,0,0001100100000,00000011111,1,0000110111001
0,0,1,0,0,0001100100000,00000100000,0,1111011010011
1,0,1,0,0,0001100100000,00000100000,0,1111011010011
0,0,1,0,0,0001100100000,00000100000,0,1111010110011
1,0,1,0,0,0001100100000,00000100000,0,1111010110011
0,0,1,0,0,0001100100000,00000100000,0,1111011011010
1,0,1,0,0,0001100100000,00000100000,0,1111011011010
0,0,1,0,0,0001100100000,00000100000,0,1111010101101
1,0,1,0,0,0001100100000,00000100000,0,1111010101101
0,0,1,0,0,0001100100000,00000100000,1,0000111111110
1,0,1,0,0,0001100100000,00000100000,1,0000111111110
0,0,1,0,0,0001100100000,00000100001,1,0000110110000
1,0,1,0,0,0001100100000,00000100001,1,0000110110000
0,0,1,0,0,0001100100000,00000100010,1,0001000010010
1,0,1,0,0,0001100100000,00000100010,1,0001000010010
0,0,1,0,0,0001100100000,00000100011,1,0000110011011
1,0,1,0,0,0001100100000,00000100011,1,0000110011011
0,0,1,0,0,0001100100000,00000100100,0,1111011010010
1,0,1,0,0,0001100100000,00000100100,0,1111011010010
0,0,1,0,0,0001100100000,00000100100,0,1111010101110
1,0,1,0,0,0001100100000,00000100100,0,1111010101110
0,0,1,0,0,0001100100000,00000100100,0,1111011010010
1,0,1,0,0,0001100100000,00000100100,0,1111011010010
0,0,1,0,0,0001100100000,00000100100,0,1111010101100
1,0,1,0,0,0001100100000,00000100100,0,1111010101100
0,0,1,0,0,0001100100000,00000100100,1,0000111110110
1,0,1,0,0,0001100100000,00000100100,1,0000111110110
0,0,1,0,0,0001100100000,00000100101,1,0000110011000
1,0,1,0,0,0001100100000,00000100101,1,0000110011000
0,0,1,0,0,0001100100000,00000100110,1,0000111110100
1,0,1,0,0,0001100100000,00000100110,1,0000111110100
0,0,1,0,0,0001100100000,00000100111,1,0000110010100
1,0,1,0,0,0001100100000,00000100111,1,0000110010100
0,0,1,0,0,0001100100000,00000101000,0,1111011001011
1,0,1,0,0,0001100100000,00000101000,0,1111011001011
0,0,1,0,0,0001100100000,00000101000,0,1111010101101
1,0,1,0,0,0001100100000,00000101000,0,1111010101101
0,0,1,0,0,0001100100000,00000101000,0,1111011001110
1,0,1,0,0,0001100100000,00000101000,0,1111011001110
0,0,1,0,0,0001100100000,00000101000,0,1111010100101
1,0,1,0,0,0001100100000,00000101000,0,1111010100101
0,0,1,0,0,0001100100000,00000101000,1,0000111011011
1,0,1,0,0,0001100100000,00000101000,1,0000111011011
0,0,1,0,0,0001100100000,00000101001,1,0000110010000
1,0,1,0,0,0001100100000,00000101001,1,0000110010000
0,0,1,0,0,0001100100000,00000101010,1,0000111011111
1,0,1,0,0,0001100100000,00000101010,1,0000111011111
0,0,1,0,0,0001100100000,00000101011,1,0000101111100
1,0,1,0,0,0001100100000,00000101011,1,0000101111100
0,0,1,0,0,0001100100000,00000101100,0,1111011001000
1,0,1,0,0,0001100100000,00000101100,0,1111011001000
0,0,1,0,0,0001100100000,00000101100,0,1111010101000
1,0,1,0,0,0001100100000,00000101100,0,1111010101000
0,0,1,0,0,0001100100000,00000101100,0,1111011001101
1,0,1,0,0,0001100100000,00000101100,0,1111011001101
0,0,1,0,0,0001100100000,00000101100,0,1111010100011
1,0,1,0,0,0001100100000,00000101100,0,1111010100011
0,0,1,0,0,0001100100000,00000101100,1,0000111001101
1,0,1,0,0,0001100100000,00000101100,1,0000111001101
0,0,1,0,0,0001100100000,00000101101,1,0000101111111
1,0,1,0,0,0001100100000,00000101101,1,0000101111111
0,0,1,0,0,0001100100000,00000101110,1,0000111011010
1,0,1,0,0,0001100100000,00000101110,1,0000111011010
0,0,1,0,0,0001100100000,00000101111,1,0000101110010
1,0,1,0,0,0001100100000,00000101111,1,0000101110010
0,0,1,0,0,0001100100000,00000110000,0,1111011000111
1,0,1,0,0,0001100100000,00000110000,0,1111011000111
0,0,1,0,0,0001100100000,00000110000,0,1111010100110
1,0,1,0,0,0001100100000,00000110000,0,1111010100110
0,0,1,0,0,0001100100000,00000110000,0,1111011001011
1,0,1,0,0,0001100100000,00000110000,0,1111011001011
0,0,1,0,0,0001100100000,00000110000,0,1111010100010
1,0,1,0,0,0001100100000,00000110000,0,1111010100010
0,0,1,0,0,0001100100000,00000110000,1,0000111000111
1,0,1,0,0,0001100100000,00000110000,1,0000111000111
0,0,1,0,0,0001100100000,00000110001,1,0000101110110
1,0,1,0,0,0001100100000,00000110001,1,0000101110110
0,0,1,0,0,0001100100000,00000110010,1,0000111010001
1,0,1,0,0,0001100100000,00000110010,1,0000111010001
0,0,1,0,0,0001100100000,00000110011,1,0000101101101
1,0,1,0,0,0001100100000,00000110011,1,0000101101101
0,0,1,0,0,0001100100000,00000110100,0,1111011000101
1,0,1,0,0,0001100100000,00000110100,0,1111011000101
0,0,1,0,0,0001100100000,00000110100,0,1111010100101
1,0,1,0,0,0001100100000,00000110100,0,1111010100101
0,0,1,0,0,0001100100000,00000110100,0,1111011001001
1,0,1,0,0,0001100100000,00000110100,0,1111011001001
0,0,1,0,0,0001100100000,00000110100,0,1111010100000
1,0,1,0,0,0001100100000,00000110100,0,1111010100000
0,0,1,0,0,0001100100000,00000110100,1,0000110111111
1,0,1,0,0,0001100100000,00000110100,1,0000110111111
0,0,1,0,0,0001100100000,00000110101,1,0000101110001
1,0,1,0,0,0001100100000,00000110101,1,0000101110001
0,0,1,0,0,0001100100000,00000110110,1,0000111001001
1,0,1,0,0,0001100100000,00000110110,1,0000111001001
0,0,1,0,0,0001100100000,00000110111,1,0000101100110
1,0,1,0,0,0001100100000,00000110111,1,0000101100110
0,0,1,0,0,0001100100000,00000111000,0,1111011000011
1,0,1,0,0,0001100100000,00000111000,0,1111011000011
0,0,1,0,0,0001100100000,00000111000,0,1111010100100
1,0,1,0,0,0001100100000,00000111000,0,1111010100100
0,0,1,0,0,0001100100000,00000111000,0,1111011001000
1,0,1,0,0,0001100100000,00000111000,0,1111011001000
0,0,1,0,0,0001100100000,00000111000,0,1111010011110
1,0,1,0,0,0001100100000,00000111000,0,1111010011110
0,0,1,0,0,0001100100000,00000111000,1,0000110110111
1,0,1,0,0,0001100100000,00000111000,1,0000110110111
0,0,1,0,0,0001100100000,00000111001,1,0000101101110
1,0,1,0,0,0001100100000,00000111001,1,0000101101110
0,0,1,0,0,0001100100000,00000111010,1,0000111000100
1,0,1,0,0,0001100100000,00000111010,1,0000111000100
0,0,1,0,0,0001100100000,00000111011,1,0000101011110
1,0,1,0,0,0001100100000,00000111011,1,0000101011110
0,0,1,0,0,0001100100000,00000111100,0,1111011000011
1,0,1,0,0,0001100100000,00000111100,0,1111011000011
0,0,1,0,0,0001100100000,00000111100,0,1111010100010
1,0,1,0,0,0001100100000,00000111100,0,1111010100010
0,0,1,0,0,0001100100000,00000111100,0,1111011000111
1,0,1,0,0,0001100100000,00000111100,0,1111011000111
0,0,1,0,0,0001100100000,00000111100,0,1111010011110
1,0,1,0,0,0001100100000,00000111100,0,1111010011110
0,0,1,0,0,0001100100000,00000111100,1,0000110110101
1,0,1,0,0,0001100100000,00000111100,1,0000110110101
0,0,1,0,0,0001100100000,00000111101,1,0000101100110
1,0,1,0,0,0001100100000,00000111101,1,0000101100110
0,0,1,0,0,0001100100000,00000111110,1,0000111000000
1,0,1,0,0,0001100100000,00000111110,1,0000111000000
0,0,1,0,0,0001100100000,00000111111,1,0000101011100
1,0,1,0,0,0001100100000,00000111111,1,0000101011100
0,0,1,0,0,0001100100000,00001000000,0,1111011000011
1,0,1,0,0,0001100100000,00001000000,0,1111011000011
0,0,1,0,0,0001100100000,00001000000,0,1111010100010
1,0,1,0,0,0001100100000,00001000000,0,1111010100010
0,0,1,0,0,0001100100000,00001000000,0,1111011000101
1,0,1,0,0,0001100100000,00001000000,0,1111011000101
0,0,1,0,0,0001100100000,00001000000,0,1111010011110
1,0,1,0,0,0001100100000,00001000000,0,1111010011110
0,0,1,0,0,0001100100000,00001000000,1,0000110110101
1,0,1,0,0,0001100100000,00001000000,1,0000110110101
0,0,1,0,0,0001100100000,00001000001,1,0000101100100
1,0,1,0,0,0001100100000,00001000001,1,0000101100100
0,0,1,0,0,0001100100000,00001000010,1,0000110111001
1,0,1,0,0,0001100100000,00001000010,1,0000110111001
0,0,1,0,0,0001100100000,00001000011,1,0000101011100
1,0,1,0,0,0001100100000,00001000011,1,0000101011100
0,0,1,0,0,0001100100000,00001000100,0,1111011000001
1,0,1,0,0,0001100100000,00001000100,0,1111011000001
0,0,1,0,0,0001100100000,00001000100,0,1111010100010
1,0,1,0,0,0001100100000,00001000100,0,1111010100010
0,0,1,0,0,0001100100000,00001000100,0,1111011000101
1,0,1,0,0,0001100100000,00001000100,0,1111011000101
0,0,1,0,0,0001100100000,00001000100,0,1111010011100
1,0,1,0,0,0001100100000,00001000100,0,1111010011100
0,0,1,0,0,0001100100000,00001000100,1,0000110101110
1,0,1,0,0,0001100100000,00001000100,1,0000110101110
0,0,1,0,0,0001100100000,00001000101,1,0000101100100
1,0,1,0,0,0001100100000,00001000101,1,0000101100100
0,0,1,0,0,0001100100000,00001000110,1,0000110110111
1,0,1,0,0,0001100100000,00001000110,1,0000110110111
0,0,1,0,0,0001100100000,00001000111,1,0000101010110
1,0,1,0,0,0001100100000,00001000111,1,0000101010110
0,0,1,0,0,0001100100000,00001001000,0,1111011000001
1,0,1,0,0,0001100100000,00001001000,0,1111011000001
0,0,1,0,0,0001100100000,00001001000,0,1111010100001
1,0,1,0,0,0001100100000,00001001000,0,1111010100001
0,0,1,0,0,0001100100000,00001001000,0,1111011000101
1,0,1,0,0,0001100100000,00001001000,0,1111011000101
0,0,1,0,0,0001100100000,00001001000,0,1111010011100
1,0,1,0,0,0001100100000,00001001000,0,1111010011100
0,0,1,0,0,0001100100000,00001001000,1,0000110101101
1,0,1,0,0,0001100100000,00001001000,1,0000110101101
0,0,1,0,0,0001100100000,00001001001,1,0000101100001
1,0,1,0,0,0001100100000,00001001001,1,0000101100001
0,0,1,0,0,0001100100000,00001001010,1,0000110110111
1,0,1,0,0,0001100100000,00001001010,1,0000110110111
0,0,1,0,0,0001100100000,00001001011,1,0000101010101
1,0,1,0,0,0001100100000,00001001011,1,0000101010101
0,0,1,0,0,0001100100000,00001001100,0,1111011000001
1,0,1,0,0,0001100100000,00001001100,0,1111011000001
0,0,1,0,0,0001100100000,00001001100,0,1111010100001
1,0,1,0,0,0001100100000,00001001100,0,1111010100001
0,0,1,0,0,0001100100000,00001001100,0,1111011000100
1,0,1,0,0,0001100100000,00001001100,0,1111011000100
0,0,1,0,0,0001100100000,00001001100,0,1111010011100
1,0,1,0,0,0001100100000,00001001100,0,1111010011100
0,0,1,0,0,0001100100000,00001001100,1,0000110101101
1,0,1,0,0,0001100100000,00001001100,1,0000110101101
0,0,1,0,0,0001100100000,00001001101,1,0000101100000
1,0,1,0,0,0001100100000,00001001101,1,0000101100000
0,0,1,0,0,0001100100000,00001001110,1,0000110110100
1,0,1,0,0,0001100100000,00001001110,1,0000110110100
0,0,1,0,0,0001100100000,00001001111,1,0000101010101
1,0,1,0,0,0001100100000,00001001111,1,0000101010101
0,0,1,0,0,0001100100000,00001010000,0,1111011000000
1,0,1,0,0,0001100100000,00001010000,0,1111011000000
0,0,1,0,0,0001100100000,00001010000,0,1111010100000
1,0,1,0,0,0001100100000,00001010000,0,1111010100000
0,0,1,0,0,0001100100000,00001010000,0,1111011000100
1,0,1,0,0,0001100100000,00001010000,0,1111011000100
0,0,1,0,0,0001100100000,00001010000,0,1111010011011
1,0,1,0,0,0001100100000,00001010000,0,1111010011011
0,0,1,0,0,0001100100000,00001010000,1,0000110101001
1,0,1,0,0,0001100100000,00001010000,1,0000110101001
0,0,1,0,0,0001100100000,00001010001,1,0000101011101
1,0,1,0,0,0001100100000,00001010001,1,0000101011101
0,0,1,0,0,0001100100000,00001010010,1,0000110110011
1,0,1,0,0,0001100100000,00001010010,1,0000110110011
0,0,1,0,0,0001100100000,00001010011,1,0000101010000
1,0,1,0,0,0001100100000,00001010011,1,0000101010000
0,0,1,0,0,0001100100000,00001010100,0,1111011000000
1,0,1,0,0,0001100100000,00001010100,0,1111011000000
0,0,1,0,0,0001100100000,00001010100,0,1111010100000
1,0,1,0,0,0001100100000,00001010100,0,1111010100000
0,0,1,0,0,0001100100000,00001010100,0,1111011000011
1,0,1,0,0,0001100100000,00001010100,0,1111011000011
0,0,1,0,0,0001100100000,00001010100,0,1111010011011
1,0,1,0,0,0001100100000,00001010100,0,1111010011011
0,0,1,0,0,0001100100000,00001010100,1,0000110101001
1,0,1,0,0,0001100100000,00001010100,1,0000110101001
0,0,1,0,0,0001100100000,00001010101,1,0000101011100
1,0,1,0,0,0001100100000,00001010101,1,0000101011100
0,0,1,0,0,0001100100000,00001010110,1,0000110101111
1,0,1,0,0,0001100100000,00001010110,1,0000110101111
0,0,1,0,0,0001100100000,00001010111,1,0000101010000
1,0,1,0,0,0001100100000,00001010111,1,0000101010000
0,0,1,0,0,0001100100000,00001011000,0,1111010111111
1,0,1,0,0,0001100100000,00001011000,0,1111010111111
0,0,1,0,0,0001100100000,00001011000,0,1111010100000
1,0,1,0,0,0001100100000,00001011000,0,1111010100000
0,0,1,0,0,0001100100000,00001011000,0,1111011000011
1,0,1,0,0,0001100100000,00001011000,0,1111011000011
0,0,1,0,0,0001100100000,00001011000,0,1111010011010
1,0,1,0,0,0001100100000,00001011000,0,1111010011010
0,0,1,0,0,0001100100000,00001011000,1,0000110100101
1,0,1,0,0,0001100100000,00001011000,1,0000110100101
0,0,1,0,0,0001100100000,00001011001,1,0000101011100
1,0,1,0,0,0001100100000,00001011001,1,0000101011100
0,0,1,0,0,0001100100000,00001011010,1,0000110101110
1,0,1,0,0,0001100100000,00001011010,1,0000110101110
0,0,1,0,0,0001100100000,00001011011,1,0000101001101
1,0,1,0,0,0001100100000,00001011011,1,0000101001101
0,0,1,0,0,0001100100000,00001011100,0,1111010111111
1,0,1,0,0,0001100100000,00001011100,0,1111010111111
0,0,1,0,0,0001100100000,00001011100,0,1111010011111
1,0,1,0,0,0001100100000,00001011100,0,1111010011111
0,0,1,0,0,0001100100000,00001011100,0,1111011000011
1,0,1,0,0,0001100100000,00001011100,0,1111011000011
0,0,1,0,0,0001100100000,00001011100,0,1111010011010
1,0,1,0,0,0001100100000,00001011100,0,1111010011010
0,0,1,0,0,0001100100000,00001011100,1,0000110100100
1,0,1,0,0,0001100100000,00001011100,1,0000110100100
0,0,1,0,0,0001100100000,00001011101,1,0000101011000
1,0,1,0,0,0001100100000,00001011101,1,0000101011000
0,0,1,0,0,0001100100000,00001011110,1,0000110101110
1,0,1,0,0,0001100100000,00001011110,1,0000110101110
0,0,1,0,0,0001100100000,00001011111,1,0000101001100
1,0,1,0,0,0001100100000,00001011111,1,0000101001100
0,0,1,0,0,0001100100000,00001100000,0,1111010111111
1,0,1,0,0,0001100100000,00001100000,0,1111010111111
0,0,1,0,0,0001100100000,00001100000,0,1111010011111
1,0,1,0,0,0001100100000,00001100000,0,1111010011111
0,0,1,0,0,0001100100000,00001100000,0,1111011000010
1,0,1,0,0,0001100100000,00001100000,0,1111011000010
0,0,1,0,0,0001100100000,00001100000,0,1111010011010
1,0,1,0,0,0001100100000,00001100000,0,1111010011010
0,0,1,0,0,0001100100000,00001100000,1,0000110100100
1,0,1,0,0,0001100100000,00001100000,1,0000110100100
0,0,1,0,0,0001100100000,00001100001,1,0000101010111
1,0,1,0,0,0001100100000,00001100001,1,0000101010111
0,0,1,0,0,0001100100000,00001100010,1,0000110101011
1,0,1,0,0,0001100100000,00001100010,1,0000110101011
0,0,1,0,0,0001100100000,00001100011,1,0000101001100
1,0,1,0,0,0001100100000,00001100011,1,0000101001100
0,0,1,0,0,0001100100000,00001100100,0,1111010111110
1,0,1,0,0,0001100100000,00001100100,0,1111010111110
0,0,1,0,0,0001100100000,00001100100,0,1111010011110
1,0,1,0,0,0001100100000,00001100100,0,1111010011110
0,0,1,0,0,0001100100000,00001100100,0,1111011000010
1,0,1,0,0,0001100100000,00001100100,0,1111011000010
0,0,1,0,0,0001100100000,00001100100,0,1111010011001
1,0,1,0,0,0001100100000,00001100100,0,1111010011001
0,0,1,0,0,0001100100000,00001100100,1,0000110100000
1,0,1,0,0,0001100100000,00001100100,1,0000110100000
0,0,1,0,0,0001100100000,00001100101,1,0000101010100
1,0,1,0,0,0001100100000,00001100101,1,0000101010100
0,0,1,0,0,0001100100000,00001100110,1,0000110101010
1,0,1,0,0,0001100100000,00001100110,1,0000110101010
0,0,1,0,0,0001100100000,00001100111,1,0000101001000
1,0,1,0,0,0001100100000,00001100111,1,0000101001000
0,0,1,0,0,0001100100000,00001101000,0,1111010111110
1,0,1,0,0,0001100100000,00001101000,0,1111010111110
0,0,1,0,0,0001100100000,00001101000,0,1111010011110
1,0,1,0,0,0001100100000,00001101000,0,1111010011110
0,0,1,0,0,0001100100000,00001101000,0,1111011000001
1,0,1,0,0,0001100100000,00001101000,0,1111011000001
0,0,1,0,0,0001100100000,00001101000,0,1111010011001
1,0,1,0,0,0001100100000,00001101000,0,1111010011001
0,0,1,0,0,0001100100000,00001101000,1,0000110100000
1,0,1,0,0,0001100100000,00001101000,1,0000110100000
0,0,1,0,0,0001100100000,00001101001,1,0000101010011
1,0,1,0,0,0001100100000,00001101001,1,0000101010011
0,0,1,0,0,0001100100000,00001101010,1,0000110100110
1,0,1,0,0,0001100100000,00001101010,1,0000110100110
0,0,1,0,0,0001100100000,00001101011,1,0000101001000
1,0,1,0,0,0001100100000,00001101011,1,0000101001000
0,0,1,0,0,0001100100000,00001101100,0,1111010111101
1,0,1,0,0,0001100100000,00001101100,0,1111010111101
0,0,1,0,0,0001100100000,00001101100,0,1111010011101
1,0,1,0,0,0001100100000,00001101100,0,1111010011101
0,0,1,0,0,0001100100000,00001101100,0,1111011000001
1,0,1,0,0,0001100100000,00001101100,0,1111011000001
0,0,1,0,0,0001100100000,00001101100,0,1111010011000
1,0,1,0,0,0001100100000,00001101100,0,1111010011000
0,0,1,0,0,0001100100000,00001101100,1,0000110011011
1,0,1,0,0,0001100100000,00001101100,1,0000110011011
0,0,1,0,0,0001100100000,00001101101,1,0000101010000
1,0,1,0,0,0001100100000,00001101101,1,0000101010000
0,0,1,0,0,0001100100000,00001101110,1,0000110100101
1,0,1,0,0,0001100100000,00001101110,1,0000110100101
0,0,1,0,0,0001100100000,00001101111,1,0000101000100
1,0,1,0,0,0001100100000,00001101111,1,0000101000100
0,0,1,0,0,0001100100000,00001110000,0,1111010111101
1,0,1,0,0,0001100100000,00001110000,0,1111010111101
0,0,1,0,0,0001100100000,00001110000,0,1111010011101
1,0,1,0,0,0001100100000,00001110000,0,1111010011101
0,0,1,0,0,0001100100000,00001110000,0,1111011000000
1,0,1,0,0,0001100100000,00001110000,0,1111011000000
0,0,1,0,0,0001100100000,00001110000,0,1111010011000
1,0,1,0,0,0001100100000,00001110000,0,1111010011000
0,0,1,0,0,0001100100000,00001110000,1,0000110011011
1,0,1,0,0,0001100100000,00001110000,1,0000110011011
0,0,1,0,0,0001100100000,00001110001,1,0000101001111
1,0,1,0,0,0001100100000,00001110001,1,0000101001111
0,0,1,0,0,0001100100000,00001110010,1,0000110100010
1,0,1,0,0,0001100100000,00001110010,1,0000110100010
0,0,1,0,0,0001100100000,00001110011,1,0000101000100
1,0,1,0,0,0001100100000,00001110011,1,0000101000100
0,0,1,0,0,0001100100000,00001110100,0,1111010111100
1,0,1,0,0,0001100100000,00001110100,0,1111010111100
0,0,1,0,0,0001100100000,00001110100,0,1111010011100
1,0,1,0,0,0001100100000,00001110100,0,1111010011100
0,0,1,0,0,0001100100000,00001110100,0,1111011000000
1,0,1,0,0,0001100100000,00001110100,0,1111011000000
0,0,1,0,0,0001100100000,00001110100,0,1111010010111
1,0,1,0,0,0001100100000,00001110100,0,1111010010111
0,0,1,0,0,0001100100000,00001110100,1,0000110010111
1,0,1,0,0,0001100100000,00001110100,1,0000110010111
0,0,1,0,0,0001100100000,00001110101,1,0000101001100
1,0,1,0,0,0001100100000,00001110101,1,0000101001100
0,0,1,0,0,0001100100000,00001110110,1,0000110100001
1,0,1,0,0,0001100100000,00001110110,1,0000110100001
0,0,1,0,0,0001100100000,00001110111,1,0000101000000
1,0,1,0,0,0001100100000,00001110111,1,0000101000000
0,0,1,0,0,0001100100000,00001111000,0,1111010111100
1,0,1,0,0,0001100100000,00001111000,0,1111010111100
0,0,1,0,0,0001100100000,00001111000,0,1111010011100
1,0,1,0,0,0001100100000,00001111000,0,1111010011100
0,0,1,0,0,0001100100000,00001111000,0,1111010111111
1,0,1,0,0,0001100100000,00001111000,0,1111010111111
0,0,1,0,0,0001100100000,00001111000,0,1111010010111
1,0,1,0,0,0001100100000,00001111000,0,1111010010111
0,0,1,0,0,0001100100000,00001111000,1,0000110010111
1,0,1,0,0,0001100100000,00001111000,1,0000110010111
0,0,1,0,0,0001100100000,00001111001,1,0000101001011
1,0,1,0,0,0001100100000,00001111001,1,0000101001011
0,0,1,0,0,0001100100000,00001111010,1,0000110011101
1,0,1,0,0,0001100100000,00001111010,1,0000110011101
0,0,1,0,0,0001100100000,00001111011,1,0000101000000
1,0,1,0,0,0001100100000,00001111011,1,0000101000000
0,0,1,0,0,0001100100000,00001111100,0,1111010111011
1,0,1,0,0,0001100100000,00001111100,0,1111010111011
0,0,1,0,0,0001100100000,00001111100,0,1111010011100
1,0,1,0,0,0001100100000,00001111100,0,1111010011100
0,0,1,0,0,0001100100000,00001111100,0,1111010111111
1,0,1,0,0,0001100100000,00001111100,0,1111010111111
0,0,1,0,0,0001100100000,00001111100,0,1111010010110
1,0,1,0,0,0001100100000,00001111100,0,1111010010110
0,0,1,0,0,0001100100000,00001111100,1,0000110010011
1,0,1,0,0,0001100100000,00001111100,1,0000110010011
0,0,1,0,0,0001100100000,00001111101,1,0000101001011
1,0,1,0,0,0001100100000,00001111101,1,0000101001011
0,0,1,0,0,0001100100000,00001111110,1,0000110011100
1,0,1,0,0,0001100100000,00001111110,1,0000110011100
0,0,1,0,0,0001100100000,00001111111,1,0000100111100
1,0,1,0,0,0001100100000,00001111111,1,0000100111100
0,0,1,0,0,0001100100000,00010000000,0,1111010111011
1,0,1,0,0,0001100100000,00010000000,0,1111010111011
0,0,1,0,0,0001100100000,00010000000,0,1111010011011
1,0,1,0,0,0001100100000,00010000000,0,1111010011011
0,0,1,0,0,0001100100000,00010000000,0,1111010111111
1,0,1,0,0,0001100100000,00010000000,0,1111010111111
0,0,1,0,0,0001100100000,00010000000,0,1111010010110
1,0,1,0,0,0001100100000,00010000000,0,1111010010110
0,0,1,0,0,0001100100000,00010000000,1,0000110010010
1,0,1,0,0,0001100100000,00010000000,1,0000110010010
0,0,1,0,0,0001100100000,00010000001,1,0000101000111
1,0,1,0,0,0001100100000,00010000001,1,0000101000111
0,0,1,0,0,0001100100000,00010000010,1,0000110011100
1,0,1,0,0,0001100100000,00010000010,1,0000110011100
0,0,1,0,0,0001100100000,00010000011,1,0000100111011
1,0,1,0,0,0001100100000,00010000011,1,0000100111011
0,0,1,0,0,0001100100000,00010000100,0,1111010111011
1,0,1,0,0,0001100100000,00010000100,0,1111010111011
0,0,1,0,0,0001100100000,00010000100,0,1111010011011
1,0,1,0,0,0001100100000,00010000100,0,1111010011011
0,0,1,0,0,0001100100000,00010000100,0,1111010111110
1,0,1,0,0,0001100100000,00010000100,0,1111010111110
0,0,1,0,0,0001100100000,00010000100,0,1111010010110
1,0,1,0,0,0001100100000,00010000100,0,1111010010110
0,0,1,0,0,0001100100000,00010000100,1,0000110010010
1,0,1,0,0,0001100100000,00010000100,1,0000110010010
0,0,1,0,0,0001100100000,00010000101,1,0000101000110
1,0,1,0,0,0001100100000,00010000101,1,0000101000110
0,0,1,0,0,0001100100000,00010000110,1,0000110011001
1,0,1,0,0,0001100100000,00010000110,1,0000110011001
0,0,1,0,0,0001100100000,00010000111,1,0000100111011
1,0,1,0,0,0001100100000,00010000111,1,0000100111011
0,0,1,0,0,0001100100000,00010001000,0,1111010111010
1,0,1,0,0,0001100100000,00010001000,0,1111010111010
0,0,1,0,0,0001100100000,00010001000,0,1111010011010
1,0,1,0,0,0001100100000,00010001000,0,1111010011010
0,0,1,0,0,0001100100000,00010001000,0,1111010111110
1,0,1,0,0,0001100100000,00010001000,0,1111010111110
0,0,1,0,0,0001100100000,00010001000,0,1111010010101
1,0,1,0,0,0001100100000,00010001000,0,1111010010101
0,0,1,0,0,0001100100000,00010001000,1,0000110001110
1,0,1,0,0,0001100100000,00010001000,1,0000110001110
0,0,1,0,0,0001100100000,00010001001,1,0000101000011
1,0,1,0,0,0001100100000,00010001001,1,0000101000011
0,0,1,0,0,0001100100000,00010001010,1,0000110011000
1,0,1,0,0,0001100100000,00010001010,1,0000110011000
0,0,1,0,0,0001100100000,00010001011,1,0000100110111
1,0,1,0,0,0001100100000,00010001011,1,0000100110111
0,0,1,0,0,0001100100000,00010001100,0,1111010111010
1,0,1,0,0,0001100100000,00010001100,0,1111010111010
0,0,1,0,0,0001100100000,00010001100,0,1111010011010
1,0,1,0,0,0001100100000,00010001100,0,1111010011010
0,0,1,0,0,0001100100000,00010001100,0,1111010111101
1,0,1,0,0,0001100100000,00010001100,0,1111010111101
0,0,1,0,0,0001100100000,00010001100,0,1111010010101
1,0,1,0,0,0001100100000,00010001100,0,1111010010101
0,0,1,0,0,0001100100000,00010001100,1,0000110001110
1,0,1,0,0,0001100100000,00010001100,1,0000110001110
0,0,1,0,0,0001100100000,00010001101,1,0000101000010
1,0,1,0,0,0001100100000,00010001101,1,0000101000010
0,0,1,0,0,0001100100000,00010001110,1,0000110010100
1,0,1,0,0,0001100100000,00010001110,1,0000110010100
0,0,1,0,0,0001100100000,00010001111,1,0000100110111
1,0,1,0,0,0001100100000,00010001111,1,0000100110111
0,0,1,0,0,0001100100000,00010010000,0,1111010111001
1,0,1,0,0,0001100100000,00010010000,0,1111010111001
0,0,1,0,0,0001100100000,00010010000,0,1111010011001
1,0,1,0,0,0001100100000,00010010000,0,1111010011001
0,0,1,0,0,0001100100000,00010010000,0,1111010111101
1,0,1,0,0,0001100100000,00010010000,0,1111010111101
0,0,1,0,0,0001100100000,00010010000,0,1111010010100
1,0,1,0,0,0001100100000,00010010000,0,1111010010100
0,0,1,0,0,0001100100000,00010010000,1,0000110001001
1,0,1,0,0,0001100100000,00010010000,1,0000110001001
0,0,1,0,0,0001100100000,00010010001,1,0000100111111
1,0,1,0,0,0001100100000,00010010001,1,0000100111111
0,0,1,0,0,0001100100000,00010010010,1,0000110010011
1,0,1,0,0,0001100100000,00010010010,1,0000110010011
0,0,1,0,0,0001100100000,00010010011,1,0000100110011
1,0,1,0,0,0001100100000,00010010011,1,0000100110011
0,0,1,0,0,0001100100000,00010010100,0,1111010111001
1,0,1,0,0,0001100100000,00010010100,0,1111010111001
0,0,1,0,0,0001100100000,00010010100,0,1111010011001
1,0,1,0,0,0001100100000,00010010100,0,1111010011001
0,0,1,0,0,0001100100000,00010010100,0,1111010111100
1,0,1,0,0,0001100100000,00010010100,0,1111010111100
0,0,1,0,0,0001100100000,00010010100,0,1111010010100
1,0,1,0,0,0001100100000,00010010100,0,1111010010100
0,0,1,0,0,0001100100000,00010010100,1,0000110001001
1,0,1,0,0,0001100100000,00010010100,1,0000110001001
0,0,1,0,0,0001100100000,00010010101,1,0000100111110
1,0,1,0,0,0001100100000,00010010101,1,0000100111110
0,0,1,0,0,0001100100000,00010010110,1,0000110010000
1,0,1,0,0,0001100100000,00010010110,1,0000110010000
0,0,1,0,0,0001100100000,00010010111,1,0000100110011
1,0,1,0,0,0001100100000,00010010111,1,0000100110011
0,0,1,0,0,0001100100000,00010011000,0,1111010111000
1,0,1,0,0,0001100100000,00010011000,0,1111010111000
0,0,1,0,0,0001100100000,00010011000,0,1111010011000
1,0,1,0,0,0001100100000,00010011000,0,1111010011000
0,0,1,0,0,0001100100000,00010011000,0,1111010111100
1,0,1,0,0,0001100100000,00010011000,0,1111010111100
0,0,1,0,0,0001100100000,00010011000,0,1111010010011
1,0,1,0,0,0001100100000,00010011000,0,1111010010011
0,0,1,0,0,0001100100000,00010011000,1,0000110000101
1,0,1,0,0,0001100100000,00010011000,1,0000110000101
0,0,1,0,0,0001100100000,00010011001,1,0000100111011
1,0,1,0,0,0001100100000,00010011001,1,0000100111011
0,0,1,0,0,0001100100000,00010011010,1,0000110001111
1,0,1,0,0,0001100100000,00010011010,1,0000110001111
0,0,1,0,0,0001100100000,00010011011,1,0000100101111
1,0,1,0,0,0001100100000,00010011011,1,0000100101111
0,0,1,0,0,0001100100000,00010011100,0,1111010111000
1,0,1,0,0,0001100100000,00010011100,0,1111010111000
0,0,1,0,0,0001100100000,00010011100,0,1111010011000
1,0,1,0,0,0001100100000,00010011100,0,1111010011000
0,0,1,0,0,0001100100000,00010011100,0,1111010111011
1,0,1,0,0,0001100100000,00010011100,0,1111010111011
0,0,1,0,0,0001100100000,00010011100,0,1111010010011
1,0,1,0,0,0001100100000,00010011100,0,1111010010011
0,0,1,0,0,0001100100000,00010011100,1,0000110000101
1,0,1,0,0,0001100100000,00010011100,1,0000110000101
0,0,1,0,0,0001100100000,00010011101,1,0000100111010
1,0,1,0,0,0001100100000,00010011101,1,0000100111010
0,0,1,0,0,0001100100000,00010011110,1,0000110001011
1,0,1,0,0,0001100100000,00010011110,1,0000110001011
0,0,1,0,0,0001100100000,00010011111,1,0000100101111
1,0,1,0,0,0001100100000,00010011111,1,0000100101111
0,0,1,0,0,0001100100000,00010100000,0,1111010110111
1,0,1,0,0,0001100100000,00010100000,0,1111010110111
0,0,1,0,0,0001100100000,00010100000,0,1111010011000
1,0,1,0,0,0001100100000,00010100000,0,1111010011000
0,0,1,0,0,0001100100000,00010100000,0,1111010111011
1,0,1,0,0,0001100100000,00010100000,0,1111010111011
0,0,1,0,0,0001100100000,00010100000,0,1111010010010
1,0,1,0,0,0001100100000,00010100000,0,1111010010010
0,0,1,0,0,0001100100000,00010100000,1,0000110000001
1,0,1,0,0,0001100100000,00010100000,1,0000110000001
0,0,1,0,0,0001100100000,00010100001,1,0000100111010
1,0,1,0,0,0001100100000,00010100001,1,0000100111010
0,0,1,0,0,0001100100000,00010100010,1,0000110001010
1,0,1,0,0,0001100100000,00010100010,1,0000110001010
0,0,1,0,0,0001100100000,00010100011,0,0000100101100
1,0,1,0,0,0001100100000,00010100011,0,0000100101100
0,0,1,0,0,0001100100000,00010100011,0,1111010110111
1,0,1,0,0,0001100100000,00010100011,0,1111010110111
0,0,1,0,0,0001100100000,00010100011,0,1111010010111
1,0,1,0,0,0001100100000,00010100011,0,1111010010111
0,0,1,0,0,0001100100000,00010100011,0,1111010111011
1,0,1,0,0,0001100100000,00010100011,0,1111010111011
0,0,1,0,0,0001100100000,00010100011,0,0000000010011
1,0,1,0,0,0001100100000,00010100011,0,0000000010011
0,0,1,0,0,0001100100000,00010100011,1,0000110000000
1,0,1,0,0,0001100100000,00010100011,1,0000110000000
0,0,1,0,0,0001100100000,00010100100,1,0000100110110
1,0,1,0,0,0001100100000,00010100100,1,0000100110110
0,0,1,0,0,0001100100000,00010100101,1,0000111000001
1,0,1,0,0,0001100100000,00010100101,1,0000111000001
0,0,1,0,0,0001100100000,00010100110,1,0100000100111
1,0,1,0,0,0001100100000,00010100110,1,0100000100111
0,0,1,0,0,0001100100000,00010100111,0,1111010110110
1,0,1,0,0,0001100100000,00010100111,0,1111010110110
0,0,1,0,0,0001100100000,00010100111,0,1111011000111
1,0,1,0,0,0001100100000,00010100111,0,1111011000111
0,0,1,0,0,0001100100000,00010100111,0,1111010110100
1,0,1,0,0,0001100100000,00010100111,0,1111010110100
0,0,1,0,0,0001100100000,00010100111,0,1111010010001
1,0,1,0,0,0001100100000,00010100111,0,1111010010001
0,0,1,0,0,0001100100000,00010100111,1,0000110100111
1,0,1,0,0,0001100100000,00010100111,1,0000110100111
0,0,1,0,0,0001100100000,00010101000,1,0000111010001
1,0,1,0,0,0001100100000,00010101000,1,0000111010001
0,0,1,0,0,0001100100000,00010101001,1,0000101110001
1,0,1,0,0,0001100100000,00010101001,1,0000101110001
0,0,1,0,0,0001100100000,00010101010,1,0000101001101
1,0,1,0,0,0001100100000,00010101010,1,0000101001101
0,0,1,0,0,0001100100000,00010101011,0,1111010110000
1,0,1,0,0,0001100100000,00010101011,0,1111010110000
0,0,1,0,0,0001100100000,00010101011,0,1111010010110
1,0,1,0,0,0001100100000,00010101011,0,1111010010110
0,0,1,0,0,0001100100000,00010101011,0,1111011011010
1,0,1,0,0,0001100100000,00010101011,0,1111011011010
0,0,1,0,0,0001100100000,00010101011,0,1111010001100
1,0,1,0,0,0001100100000,00010101011,0,1111010001100
0,0,1,0,0,0001100100000,00010101011,1,0000101101000
1,0,1,0,0,0001100100000,00010101011,1,0000101101000
0,0,1,0,0,0001100100000,00010101100,1,0000101001110
1,0,1,0,0,0001100100000,00010101100,1,0000101001110
0,0,1,0,0,0001100100000,00010101101,1,0000111110011
1,0,1,0,0,0001100100000,00010101101,1,0000111110011
0,0,1,0,0,0001100100000,00010101110,0,0000100010111
1,0,1,0,0,0001100100000,00010101110,0,0000100010111
0,0,1,0,0,0001100100000,00010101110,0,1111011001110
1,0,1,0,0,0001100100000,00010101110,0,1111011001110
0,0,1,0,0,0001100100000,00010101110,0,1111010010001
1,0,1,0,0,0001100100000,00010101110,0,1111010010001
0,0,1,0,0,0001100100000,00010101110,0,1111010111001
1,0,1,0,0,0001100100000,00010101110,0,1111010111001
0,0,1,0,0,0001100100000,00010101110,1,0111101111010
1,0,1,0,0,0001100100000,00010101110,1,0111101111010
0,0,1,0,0,0001100100000,00010101111,1,0000111001100
1,0,1,0,0,0001100100000,00010101111,1,0000111001100
0,0,1,0,0,0001100100000,00010110000,0,0000100100010
1,0,1,0,0,0001100100000,00010110000,0,0000100100010
0,0,1,0,0,0001100100000,00010110000,1,0000111001011
1,0,1,0,0,0001100100000,00010110000,1,0000111001011
0,0,1,0,0,0001100100000,00010110001,0,1111010010101
1,0,1,0,0,0001100100000,00010110001,0,1111010010101
0,0,1,0,0,0001100100000,00010110001,0,1111010110101
1,0,1,0,0,0001100100000,00010110001,0,1111010110101
0,0,1,0,0,0001100100000,00010110001,0,0000000000011
1,0,1,0,0,0001100100000,00010110001,0,0000000000011
0,0,1,0,0,0001100100000,00010110001,0,1111001110100
1,0,1,0,0,0001100100000,00010110001,0,1111001110100
0,0,1,0,0,0001100100000,00010110001,0,0000100101010
1,0,1,0,0,0001100100000,00010110001,0,0000100101010
0,0,1,0,0,0001100100000,00010110001,1,0000111100110
1,0,1,0,0,0001100100000,00010110001,1,0000111100110
0,0,1,0,0,0001100100000,00010110010,1,0011110000011
1,0,1,0,0,0001100100000,00010110010,1,0011110000011
0,0,1,0,0,0001100100000,00010110011,0,0000011100111
1,0,1,0,0,0001100100000,00010110011,0,0000011100111
0,0,1,0,0,0001100100000,00010110011,0,0000001101001
1,0,1,0,0,0001100100000,00010110011,0,0000001101001
0,0,1,0,0,0001100100000,00010110011,0,1111001111010
1,0,1,0,0,0001100100000,00010110011,0,1111001111010
0,0,1,0,0,0001100100000,00010110011,0,1111011001111
1,0,1,0,0,0001100100000,00010110011,0,1111011001111
0,0,1,0,0,0001100100000,00010110011,1,0111001010111
1,0,1,0,0,0001100100000,00010110011,1,0111001010111
0,0,1,0,0,0001100100000,00010110100,1,0101000010111
1,0,1,0,0,0001100100000,00010110100,1,0101000010111
0,0,1,0,0,0001100100000,00010110101,0,0000011101111
1,0,1,0,0,0001100100000,00010110101,0,0000011101111
0,0,1,0,0,0001100100000,00010110101,1,0001001101011
1,0,1,0,0,0001100100000,00010110101,1,0001001101011
0,0,1,0,0,0001100100000,00010110110,0,1111001111100
1,0,1,0,0,0001100100000,00010110110,0,1111001111100
0,0,1,0,0,0001100100000,00010110110,0,1111011000110
1,0,1,0,0,0001100100000,00010110110,0,1111011000110
0,0,1,0,0,0001100100000,00010110110,1,0111010110000
1,0,1,0,0,0001100100000,00010110110,1,0111010110000
0,0,1,0,0,0001100100000,00010110111,0,1111001011110
1,0,1,0,0,0001100100000,00010110111,0,1111001011110
0,0,1,0,0,0001100100000,00010110111,0,0000011101101
1,0,1,0,0,0001100100000,00010110111,0,0000011101101
0,0,1,0,0,0001100100000,00010110111,1,0001001100010
1,0,1,0,0,0001100100000,00010110111,1,0001001100010
0,0,1,0,0,0001100100000,00010111000,0,1111001000100
1,0,1,0,0,0001100100000,00010111000,0,1111001000100
0,0,1,0,0,0001100100000,00010111000,0,0000010110111
1,0,1,0,0,0001100100000,00010111000,0,0000010110111
0,0,1,0,0,0001100100000,00010111000,1,0111010110100
1,0,1,0,0,0001100100000,00010111000,1,0111010110100
0,0,1,0,0,0001100100000,00010111001,0,1111000101101
1,0,1,0,0,0001100100000,00010111001,0,1111000101101
0,0,1,0,0,0001100100000,00010111001,0,0000010001111
1,0,1,0,0,0001100100000,00010111001,0,0000010001111
0,0,1,0,0,0001100100000,00010111001,1,0110100011011
1,0,1,0,0,0001100100000,00010111001,1,0110100011011
0,0,1,0,0,0001100100000,00010111010,0,1111000011001
1,0,1,0,0,0001100100000,00010111010,0,1111000011001
0,0,1,0,0,0001100100000,00010111010,0,0000001101111
1,0,1,0,0,0001100100000,00010111010,0,0000001101111
0,0,1,0,0,0001100100000,00010111010,1,0101111111100
1,0,1,0,0,0001100100000,00010111010,1,0101111111100
0,0,1,0,0,0001100100000,00010111011,0,1111000000111
1,0,1,0,0,0001100100000,00010111011,0,1111000000111
0,0,1,0,0,0001100100000,00010111011,0,0000001011000
1,0,1,0,0,0001100100000,00010111011,0,0000001011000
0,0,1,0,0,0001100100000,00010111011,1,0101100100001
1,0,1,0,0,0001100100000,00010111011,1,0101100100001
0,0,1,0,0,0001100100000,00010111100,0,1110111111000
1,0,1,0,0,0001100100000,00010111100,0,1110111111000
0,0,1,0,0,0001100100000,00010111100,0,0000001000110
1,0,1,0,0,0001100100000,00010111100,0,0000001000110
0,0,1,0,0,0001100100000,00010111100,1,0101010001001
1,0,1,0,0,0001100100000,00010111100,1,0101010001001
0,0,1,0,0,0001100100000,00010111101,0,1110111101010
1,0,1,0,0,0001100100000,00010111101,0,1110111101010
0,0,1,0,0,0001100100000,00010111101,0,0000000111001
1,0,1,0,0,0001100100000,00010111101,0,0000000111001
0,0,1,0,0,0001100100000,00010111101,1,0101000010110
1,0,1,0,0,0001100100000,00010111101,1,0101000010110
0,0,1,0,0,0001100100000,00010111110,0,1110111011110
1,0,1,0,0,0001100100000,00010111110,0,1110111011110
0,0,1,0,0,0001100100000,00010111110,0,0000000101110
1,0,1,0,0,0001100100000,00010111110,0,0000000101110
0,0,1,0,0,0001100100000,00010111110,1,0100111000101
1,0,1,0,0,0001100100000,00010111110,1,0100111000101
0,0,1,0,0,0001100100000,00010111111,0,1110111010100
1,0,1,0,0,0001100100000,00010111111,0,1110111010100
0,0,1,0,0,0001100100000,00010111111,0,0000000100111
1,0,1,0,0,0001100100000,00010111111,0,0000000100111
0,0,1,0,0,0001100100000,00010111111,1,0100110000010
1,0,1,0,0,0001100100000,00010111111,1,0100110000010
0,0,1,0,0,0001100100000,00011000000,0,1110111001011
1,0,1,0,0,0001100100000,00011000000,0,1110111001011
0,0,1,0,0,0001100100000,00011000000,0,0000000100010
1,0,1,0,0,0001100100000,00011000000,0,0000000100010
0,0,1,0,0,0001100100000,00011000000,1,0100101011000
1,0,1,0,0,0001100100000,00011000000,1,0100101011000
0,0,1,0,0,0001100100000,00011000001,0,1110111000011
1,0,1,0,0,0001100100000,00011000001,0,1110111000011
0,0,1,0,0,0001100100000,00011000001,0,0000000011110
1,0,1,0,0,0001100100000,00011000001,0,0000000011110
0,0,1,0,0,0001100100000,00011000001,1,0100100111100
1,0,1,0,0,0001100100000,00011000001,1,0100100111100
0,0,1,0,0,0001100100000,00011000010,0,1110110111100
1,0,1,0,0,0001100100000,00011000010,0,1110110111100
0,0,1,0,0,0001100100000,00011000010,0,0000000011100
1,0,1,0,0,0001100100000,00011000010,0,0000000011100
0,0,1,0,0,0001100100000,00011000010,1,0100100100101
1,0,1,0,0,0001100100000,00011000010,1,0100100100101
0,0,1,0,0,0001100100000,00011000011,0,1110110110110
1,0,1,0,0,0001100100000,00011000011,0,1110110110110
0,0,1,0,0,0001100100000,00011000011,0,0000000011010
1,0,1,0,0,0001100100000,00011000011,0,0000000011010
0,0,1,0,0,0001100100000,00011000011,1,0100100011011
1,0,1,0,0,0001100100000,00011000011,1,0100100011011
0,0,1,0,0,0001100100000,00011000100,0,1110110110001
1,0,1,0,0,0001100100000,00011000100,0,1110110110001
0,0,1,0,0,0001100100000,00011000100,0,0000000011001
1,0,1,0,0,0001100100000,00011000100,0,0000000011001
0,0,1,0,0,0001100100000,00011000100,1,0100100010000
1,0,1,0,0,0001100100000,00011000100,1,0100100010000
0,0,1,0,0,0001100100000,00011000101,0,1110110101100
1,0,1,0,0,0001100100000,00011000101,0,1110110101100
0,0,1,0,0,0001100100000,00011000101,0,0000000011001
1,0,1,0,0,0001100100000,00011000101,0,0000000011001
0,0,1,0,0,0001100100000,00011000101,1,0100100001100
1,0,1,0,0,0001100100000,00011000101,1,0100100001100
0,0,1,0,0,0001100100000,00011000110,0,1110110101000
1,0,1,0,0,0001100100000,00011000110,0,1110110101000
0,0,1,0,0,0001100100000,00011000110,0,0000000011000
1,0,1,0,0,0001100100000,00011000110,0,0000000011000
0,0,1,0,0,0001100100000,00011000110,1,0100100001110
1,0,1,0,0,0001100100000,00011000110,1,0100100001110
0,0,1,0,0,0001100100000,00011000111,0,1110110100100
1,0,1,0,0,0001100100000,00011000111,0,1110110100100
0,0,1,0,0,0001100100000,00011000111,0,0000000011000
1,0,1,0,0,0001100100000,00011000111,0,0000000011000
0,0,1,0,0,0001100100000,00011000111,1,0100100001001
1,0,1,0,0,0001100100000,00011000111,1,0100100001001
0,0,1,0,0,0001100100000,00011001000,0,1110110100001
1,0,1,0,0,0001100100000,00011001000,0,1110110100001
0,0,1,0,0,0001100100000,00011001000,0,0000000011000
1,0,1,0,0,0001100100000,00011001000,0,0000000011000
0,0,1,0,0,0001100100000,00011001000,1,0100100001010
1,0,1,0,0,0001100100000,00011001000,1,0100100001010
0,0,1,0,0,0001100100000,00011001001,0,1110110011110
1,0,1,0,0,0001100100000,00011001001,0,1110110011110
0,0,1,0,0,0001100100000,00011001001,0,0000000011000
1,0,1,0,0,0001100100000,00011001001,0,0000000011000
0,0,1,0,0,0001100100000,00011001001,1,0100100001011
1,0,1,0,0,0001100100000,00011001001,1,0100100001011
0,0,1,0,0,0001100100000,00011001010,0,1110110011100
1,0,1,0,0,0001100100000,00011001010,0,1110110011100
0,0,1,0,0,0001100100000,00011001010,0,0000000010111
1,0,1,0,0,0001100100000,00011001010,0,0000000010111
0,0,1,0,0,0001100100000,00011001010,1,0100100001100
1,0,1,0,0,0001100100000,00011001010,1,0100100001100
0,0,1,0,0,0001100100000,00011001011,0,1110110011010
1,0,1,0,0,0001100100000,00011001011,0,1110110011010
0,0,1,0,0,0001100100000,00011001011,0,0000000011000
1,0,1,0,0,0001100100000,00011001011,0,0000000011000
0,0,1,0,0,0001100100000,00011001011,1,0100100000111
1,0,1,0,0,0001100100000,00011001011,1,0100100000111
0,0,1,0,0,0001100100000,00011001100,0,1110110011000
1,0,1,0,0,0001100100000,00011001100,0,1110110011000
0,0,1,0,0,0001100100000,00011001100,0,0000000011000
1,0,1,0,0,0001100100000,00011001100,0,0000000011000
0,0,1,0,0,0001100100000,00011001100,1,0100100001110
1,0,1,0,0,0001100100000,00011001100,1,0100100001110
0,0,1,0,0,0001100100000,00011001101,0,1110110010110
1,0,1,0,0,0001100100000,00011001101,0,1110110010110
0,0,1,0,0,0001100100000,00011001101,0,0000000011000
1,0,1,0,0,0001100100000,00011001101,0,0000000011000
0,0,1,0,0,0001100100000,00011001101,1,0100100001110
1,0,1,0,0,0001100100000,00011001101,1,0100100001110
0,0,1,0,0,0001100100000,00011001110,0,1110110010100
1,0,1,0,0,0001100100000,00011001110,0,1110110010100
0,0,1,0,0,0001100100000,00011001110,0,0000000010111
1,0,1,0,0,0001100100000,00011001110,0,0000000010111
0,0,1,0,0,0001100100000,00011001110,1,0100100001110
1,0,1,0,0,0001100100000,00011001110,1,0100100001110
0,0,1,0,0,0001100100000,00011001111,0,1110110010011
1,0,1,0,0,0001100100000,00011001111,0,1110110010011
0,0,1,0,0,0001100100000,00011001111,0,0000000010111
1,0,1,0,0,0001100100000,00011001111,0,0000000010111
0,0,1,0,0,0001100100000,00011001111,1,0100100001000
1,0,1,0,0,0001100100000,00011001111,1,0100100001000
0,0,1,0,0,0001100100000,00011010000,0,1110110010010
1,0,1,0,0,0001100100000,00011010000,0,1110110010010
0,0,1,0,0,0001100100000,00011010000,0,0000000011000
1,0,1,0,0,0001100100000,00011010000,0,0000000011000
0,0,1,0,0,0001100100000,00011010000,1,0100100001000
1,0,1,0,0,0001100100000,00011010000,1,0100100001000
0,0,1,0,0,0001100100000,00011010001,0,1110110010001
1,0,1,0,0,0001100100000,00011010001,0,1110110010001
0,0,1,0,0,0001100100000,00011010001,0,0000000011000
1,0,1,0,0,0001100100000,00011010001,0,0000000011000
0,0,1,0,0,0001100100000,00011010001,1,0100100001110
1,0,1,0,0,0001100100000,00011010001,1,0100100001110
0,0,1,0,0,0001100100000,00011010010,0,1110110010000
1,0,1,0,0,0001100100000,00011010010,0,1110110010000
0,0,1,0,0,0001100100000,00011010010,0,0000000011000
1,0,1,0,0,0001100100000,00011010010,0,0000000011000
0,0,1,0,0,0001100100000,00011010010,1,0100100001110
1,0,1,0,0,0001100100000,00011010010,1,0100100001110
0,0,1,0,0,0001100100000,00011010011,0,1110110001111
1,0,1,0,0,0001100100000,00011010011,0,1110110001111
0,0,1,0,0,0001100100000,00011010011,0,0000000011000
1,0,1,0,0,0001100100000,00011010011,0,0000000011000
0,0,1,0,0,0001100100000,00011010011,1,0100100001110
1,0,1,0,0,0001100100000,00011010011,1,0100100001110
0,0,1,0,0,0001100100000,00011010100,0,1110110001110
1,0,1,0,0,0001100100000,00011010100,0,1110110001110
0,0,1,0,0,0001100100000,00011010100,0,0000000010111
1,0,1,0,0,0001100100000,00011010100,0,0000000010111
0,0,1,0,0,0001100100000,00011010100,1,0100100001110
1,0,1,0,0,0001100100000,00011010100,1,0100100001110
0,0,1,0,0,0001100100000,00011010101,0,1110110001101
1,0,1,0,0,0001100100000,00011010101,0,1110110001101
0,0,1,0,0,0001100100000,00011010101,0,0000000010111
1,0,1,0,0,0001100100000,00011010101,0,0000000010111
0,0,1,0,0,0001100100000,00011010101,1,0100100001000
1,0,1,0,0,0001100100000,00011010101,1,0100100001000
0,0,1,0,0,0001100100000,00011010110,0,1110110001100
1,0,1,0,0,0001100100000,00011010110,0,1110110001100
0,0,1,0,0,0001100100000,00011010110,0,0000000010111
1,0,1,0,0,0001100100000,00011010110,0,0000000010111
0,0,1,0,0,0001100100000,00011010110,1,0100100001000
1,0,1,0,0,0001100100000,00011010110,1,0100100001000
0,0,1,0,0,0001100100000,00011010111,0,1110110001100
1,0,1,0,0,0001100100000,00011010111,0,1110110001100
0,0,1,0,0,0001100100000,00011010111,0,0000000010111
1,0,1,0,0,0001100100000,00011010111,0,0000000010111
0,0,1,0,0,0001100100000,00011010111,1,0100100001000
1,0,1,0,0,0001100100000,00011010111,1,0100100001000
0,0,1,0,0,0001100100000,00011011000,0,1110110001100
1,0,1,0,0,0001100100000,00011011000,0,1110110001100
0,0,1,0,0,0001100100000,00011011000,0,0000000011000
1,0,1,0,0,0001100100000,00011011000,0,0000000011000
0,0,1,0,0,0001100100000,00011011000,1,0100100001000
1,0,1,0,0,0001100100000,00011011000,1,0100100001000
0,0,1,0,0,0001100100000,00011011001,0,1110110001100
1,0,1,0,0,0001100100000,00011011001,0,1110110001100
0,0,1,0,0,0001100100000,00011011001,0,0000000011000
1,0,1,0,0,0001100100000,00011011001,0,0000000011000
0,0,1,0,0,0001100100000,00011011001,1,0100100001110
1,0,1,0,0,0001100100000,00011011001,1,0100100001110
0,0,1,0,0,0001100100000,00011011010,0,1110110001100
1,0,1,0,0,0001100100000,00011011010,0,1110110001100
0,0,1,0,0,0001100100000,00011011010,0,0000000011000
1,0,1,0,0,0001100100000,00011011010,0,0000000011000
0,0,1,0,0,0001100100000,00011011010,1,0100100001110
1,0,1,0,0,0001100100000,00011011010,1,0100100001110
0,0,1,0,0,0001100100000,00011011011,0,1110110001100
1,0,1,0,0,0001100100000,00011011011,0,1110110001100
0,0,1,0,0,0001100100000,00011011011,0,0000000011000
1,0,1,0,0,0001100100000,00011011011,0,0000000011000
0,0,1,0,0,0001100100000,00011011011,1,0100100001110
1,0,1,0,0,0001100100000,00011011011,1,0100100001110
0,0,1,0,0,0001100100000,00011011100,0,1110110001100
1,0,1,0,0,0001100100000,00011011100,0,1110110001100
0,0,1,0,0,0001100100000,00011011100,0,0000000011000
1,0,1,0,0,0001100100000,00011011100,0,0000000011000
0,0,1,0,0,0001100100000,00011011100,1,0100100001110
1,0,1,0,0,0001100100000,00011011100,1,0100100001110
0,0,1,0,0,0001100100000,00011011101,0,1110110001011
1,0,1,0,0,0001100100000,00011011101,0,1110110001011
0,0,1,0,0,0001100100000,00011011101,0,0000000011000
1,0,1,0,0,0001100100000,00011011101,0,0000000011000
0,0,1,0,0,0001100100000,00011011101,1,0100100001110
1,0,1,0,0,0001100100000,00011011101,1,0100100001110
0,0,1,0,0,0001100100000,00011011110,0,1110110001011
1,0,1,0,0,0001100100000,00011011110,0,1110110001011
0,0,1,0,0,0001100100000,00011011110,0,0000000010111
1,0,1,0,0,0001100100000,00011011110,0,0000000010111
0,0,1,0,0,0001100100000,00011011110,1,0100100001110
1,0,1,0,0,0001100100000,00011011110,1,0100100001110
0,0,1,0,0,0001100100000,00011011111,0,1110110001011
1,0,1,0,0,0001100100000,00011011111,0,1110110001011
0,0,1,0,0,0001100100000,00011011111,0,0000000010111
1,0,1,0,0,0001100100000,00011011111,0,0000000010111
0,0,1,0,0,0001100100000,00011011111,1,0100100001000
1,0,1,0,0,0001100100000,00011011111,1,0100100001000
0,0,1,0,0,0001100100000,00011100000,0,1110110001011
1,0,1,0,0,0001100100000,00011100000,0,1110110001011
0,0,1,0,0,0001100100000,00011100000,0,0000000010111
1,0,1,0,0,0001100100000,00011100000,0,0000000010111
0,0,1,0,0,0001100100000,00011100000,1,0100100001000
1,0,1,0,0,0001100100000,00011100000,1,0100100001000
0,0,1,0,0,0001100100000,00011100001,0,1110110001011
1,0,1,0,0,0001100100000,00011100001,0,1110110001011
0,0,1,0,0,0001100100000,00011100001,0,0000000010111
1,0,1,0,0,0001100100000,00011100001,0,0000000010111
0,0,1,0,0,0001100100000,00011100001,1,0100100001000
1,0,1,0,0,0001100100000,00011100001,1,0100100001000
0,0,1,0,0,0001100100000,00011100010,0,1110110001011
1,0,1,0,0,0001100100000,00011100010,0,1110110001011
0,0,1,0,0,0001100100000,00011100010,0,0000000010111
1,0,1,0,0,0001100100000,00011100010,0,0000000010111
0,0,1,0,0,0001100100000,00011100010,1,0100100001000
1,0,1,0,0,0001100100000,00011100010,1,0100100001000
0,0,1,0,0,0001100100000,00011100011,0,1110110001011
1,0,1,0,0,0001100100000,00011100011,0,1110110001011
0,0,1,0,0,0001100100000,00011100011,0,0000000010111
1,0,1,0,0,0001100100000,00011100011,0,0000000010111
0,0,1,0,0,0001100100000,00011100011,1,0100100001000
1,0,1,0,0,0001100100000,00011100011,1,0100100001000
0,0,1,0,0,0001100100000,00011100100,0,1110110001011
1,0,1,0,0,0001100100000,00011100100,0,1110110001011
0,0,1,0,0,0001100100000,00011100100,0,0000000010111
1,0,1,0,0,0001100100000,00011100100,0,0000000010111
0,0,1,0,0,0001100100000,00011100100,1,0100100001000
1,0,1,0,0,0001100100000,00011100100,1,0100100001000
0,0,1,0,0,0001100100000,00011100101,0,1110110001010
1,0,1,0,0,0001100100000,00011100101,0,1110110001010
0,0,1,0,0,0001100100000,00011100101,0,0000000010111
1,0,1,0,0,0001100100000,00011100101,0,0000000010111
0,0,1,0,0,0001100100000,00011100101,1,0100100001000
1,0,1,0,0,0001100100000,00011100101,1,0100100001000
0,0,1,0,0,0001100100000,00011100110,0,1110110001010
1,0,1,0,0,0001100100000,00011100110,0,1110110001010
0,0,1,0,0,0001100100000,00011100110,0,0000000010110
1,0,1,0,0,0001100100000,00011100110,0,0000000010110
0,0,1,0,0,0001100100000,00011100110,1,0100100001000
1,0,1,0,0,0001100100000,00011100110,1,0100100001000
0,0,1,0,0,0001100100000,00011100111,0,1110110001010
1,0,1,0,0,0001100100000,00011100111,0,1110110001010
0,0,1,0,0,0001100100000,00011100111,0,0000000010110
1,0,1,0,0,0001100100000,00011100111,0,0000000010110
0,0,1,0,0,0001100100000,00011100111,1,0100100000001
1,0,1,0,0,0001100100000,00011100111,1,0100100000001
0,0,1,0,0,0001100100000,00011101000,0,1110110001010
1,0,1,0,0,0001100100000,00011101000,0,1110110001010
0,0,1,0,0,0001100100000,00011101000,0,0000000010110
1,0,1,0,0,0001100100000,00011101000,0,0000000010110
0,0,1,0,0,0001100100000,00011101000,1,0100100000001
1,0,1,0,0,0001100100000,00011101000,1,0100100000001
0,0,1,0,0,0001100100000,00011101001,0,1110110001010
1,0,1,0,0,0001100100000,00011101001,0,1110110001010
0,0,1,0,0,0001100100000,00011101001,0,0000000010110
1,0,1,0,0,0001100100000,00011101001,0,0000000010110
0,0,1,0,0,0001100100000,00011101001,1,0100100000001
1,0,1,0,0,0001100100000,00011101001,1,0100100000001
0,0,1,0,0,0001100100000,00011101010,0,1110110001010
1,0,1,0,0,0001100100000,00011101010,0,1110110001010
0,0,1,0,0,0001100100000,00011101010,0,0000000010110
1,0,1,0,0,0001100100000,00011101010,0,0000000010110
0,0,1,0,0,0001100100000,00011101010,1,0100100000001
1,0,1,0,0,0001100100000,00011101010,1,0100100000001
0,0,1,0,0,0001100100000,00011101011,0,1110110001010
1,0,1,0,0,0001100100000,00011101011,0,1110110001010
0,0,1,0,0,0001100100000,00011101011,0,0000000010110
1,0,1,0,0,0001100100000,00011101011,0,0000000010110
0,0,1,0,0,0001100100000,00011101011,1,0100100000001
1,0,1,0,0,0001100100000,00011101011,1,0100100000001
0,0,1,0,0,0001100100000,00011101100,0,1110110001010
1,0,1,0,0,0001100100000,00011101100,0,1110110001010
0,0,1,0,0,0001100100000,00011101100,0,0000000010110
1,0,1,0,0,0001100100000,00011101100,0,0000000010110
0,0,1,0,0,0001100100000,00011101100,1,0100100000001
1,0,1,0,0,0001100100000,00011101100,1,0100100000001
0,0,1,0,0,0001100100000,00011101101,0,1110110001001
1,0,1,0,0,0001100100000,00011101101,0,1110110001001
0,0,1,0,0,0001100100000,00011101101,0,0000000010110
1,0,1,0,0,0001100100000,00011101101,0,0000000010110
0,0,1,0,0,0001100100000,00011101101,1,0100100000001
1,0,1,0,0,0001100100000,00011101101,1,0100100000001
0,0,1,0,0,0001100100000,00011101110,0,1110110001001
1,0,1,0,0,0001100100000,00011101110,0,1110110001001
0,0,1,0,0,0001100100000,00011101110,0,0000000010101
1,0,1,0,0,0001100100000,00011101110,0,0000000010101
0,0,1,0,0,0001100100000,00011101110,1,0100100000001
1,0,1,0,0,0001100100000,00011101110,1,0100100000001
0,0,1,0,0,0001100100000,00011101111,0,1110110001001
1,0,1,0,0,0001100100000,00011101111,0,1110110001001
0,0,1,0,0,0001100100000,00011101111,0,0000000010101
1,0,1,0,0,0001100100000,00011101111,0,0000000010101
0,0,1,0,0,0001100100000,00011101111,1,0100011111011
1,0,1,0,0,0001100100000,00011101111,1,0100011111011
0,0,1,0,0,0001100100000,00011110000,0,1110110001001
1,0,1,0,0,0001100100000,00011110000,0,1110110001001
0,0,1,0,0,0001100100000,00011110000,0,0000000010101
1,0,1,0,0,0001100100000,00011110000,0,0000000010101
0,0,1,0,0,0001100100000,00011110000,1,0100011111011
1,0,1,0,0,0001100100000,00011110000,1,0100011111011
0,0,1,0,0,0001100100000,00011110001,0,1110110001001
1,0,1,0,0,0001100100000,00011110001,0,1110110001001
0,0,1,0,0,0001100100000,00011110001,0,0000000010101
1,0,1,0,0,0001100100000,00011110001,0,0000000010101
0,0,1,0,0,0001100100000,00011110001,1,0100011111011
1,0,1,0,0,0001100100000,00011110001,1,0100011111011
0,0,1,0,0,0001100100000,00011110010,0,1110110001001
1,0,1,0,0,0001100100000,00011110010,0,1110110001001
0,0,1,0,0,0001100100000,00011110010,0,0000000010101
1,0,1,0,0,0001100100000,00011110010,0,0000000010101
0,0,1,0,0,0001100100000,00011110010,1,0100011111011
1,0,1,0,0,0001100100000,00011110010,1,0100011111011
0,0,1,0,0,0001100100000,00011110011,0,1110110001001
1,0,1,0,0,0001100100000,00011110011,0,1110110001001
0,0,1,0,0,0001100100000,00011110011,0,0000000010101
1,0,1,0,0,0001100100000,00011110011,0,0000000010101
0,0,1,0,0,0001100100000,00011110011,1,0100011111011
1,0,1,0,0,0001100100000,00011110011,1,0100011111011
0,0,1,0,0,0001100100000,00011110100,0,1110110001001
1,0,1,0,0,0001100100000,00011110100,0,1110110001001
0,0,1,0,0,0001100100000,00011110100,0,0000000010101
1,0,1,0,0,0001100100000,00011110100,0,0000000010101
0,0,1,0,0,0001100100000,00011110100,1,0100011111011
1,0,1,0,0,0001100100000,00011110100,1,0100011111011
0,0,1,0,0,0001100100000,00011110101,0,1110110001000
1,0,1,0,0,0001100100000,00011110101,0,1110110001000
0,0,1,0,0,0001100100000,00011110101,0,0000000010101
1,0,1,0,0,0001100100000,00011110101,0,0000000010101
0,0,1,0,0,0001100100000,00011110101,1,0100011111011
1,0,1,0,0,0001100100000,00011110101,1,0100011111011
0,0,1,0,0,0001100100000,00011110110,0,1110110001000
1,0,1,0,0,0001100100000,00011110110,0,1110110001000
0,0,1,0,0,0001100100000,00011110110,0,0000000010100
1,0,1,0,0,0001100100000,00011110110,0,0000000010100
0,0,1,0,0,0001100100000,00011110110,1,0100011111011
1,0,1,0,0,0001100100000,00011110110,1,0100011111011
0,0,1,0,0,0001100100000,00011110111,0,1110110001000
1,0,1,0,0,0001100100000,00011110111,0,1110110001000
0,0,1,0,0,0001100100000,00011110111,0,0000000010100
1,0,1,0,0,0001100100000,00011110111,0,0000000010100
0,0,1,0,0,0001100100000,00011110111,1,0100011110101
1,0,1,0,0,0001100100000,00011110111,1,0100011110101
0,0,1,0,0,0001100100000,00011111000,0,1110110001000
1,0,1,0,0,0001100100000,00011111000,0,1110110001000
0,0,1,0,0,0001100100000,00011111000,0,0000000010100
1,0,1,0,0,0001100100000,00011111000,0,0000000010100
0,0,1,0,0,0001100100000,00011111000,1,0100011110101
1,0,1,0,0,0001100100000,00011111000,1,0100011110101
0,0,1,0,0,0001100100000,00011111001,0,1110110001000
1,0,1,0,0,0001100100000,00011111001,0,1110110001000
0,0,1,0,0,0001100100000,00011111001,0,0000000010100
1,0,1,0,0,0001100100000,00011111001,0,0000000010100
0,0,1,0,0,0001100100000,00011111001,1,0100011110101
1,0,1,0,0,0001100100000,00011111001,1,0100011110101
0,0,1,0,0,0001100100000,00011111010,0,1110110001000
1,0,1,0,0,0001100100000,00011111010,0,1110110001000
0,0,1,0,0,0001100100000,00011111010,0,0000000010100
1,0,1,0,0,0001100100000,00011111010,0,0000000010100
0,0,1,0,0,0001100100000,00011111010,1,0100011110101
